STATE,DISTRICT,"TEHSIL/BLOCK
NAME",Village,LATITUDE,LONGITUDE
Andhra Pradesh,Anantapur,Amarapuram,Palasamudram,13.9605,77.6761
Andhra Pradesh,Anantapur,Atmakur,Atmakur,14.64487,77.3638
Andhra Pradesh,Anantapur,Atmakur,Waddipalli,14.67769,77.4562
Andhra Pradesh,Anantapur,Bukkarayasamudram,Korrapadu,14.75411,77.71196
Andhra Pradesh,Anantapur,Bukkarayasamudram,Regadikoturu,14.7663889,77.62333
Andhra Pradesh,Anantapur,Chennakothapalle,Chenna Kothapalli,14.27033,77.6254
Andhra Pradesh,Anantapur,Dharmavaram,Dharmavaram,14.4138,77.71609
Andhra Pradesh,Anantapur,Dharmavaram,Dharmavaram-Ewl,14.3864,77.7102
Andhra Pradesh,Anantapur,Dharmavaram,Dharmavaram-Ewll,14.3864,77.7102
Andhra Pradesh,Anantapur,Gooty,Gooty,15.1179,77.64
Andhra Pradesh,Anantapur,Gooty,Gooty,15.1259,77.6346
Andhra Pradesh,Anantapur,Gudibanda,Budipalli,13.9738,77.1648
Andhra Pradesh,Anantapur,Gudibanda,Palaram,13.956,77.1083
Andhra Pradesh,Anantapur,Guntakal,Guntakal,15.15571,77.3837
Andhra Pradesh,Anantapur,Kadiri,Alampur,14.194,78.1656
Andhra Pradesh,Anantapur,Kalyandurg,Kalyandurg-Alt,14.5483,77.1071
Andhra Pradesh,Anantapur,Lepakshi,Kanchisamudram,13.7752,77.6117
Andhra Pradesh,Anantapur,Madakasira,A Roppam-Pz,14.0269,77.2737
Andhra Pradesh,Anantapur,Madakasira,Kothalagutta-Dw,13.92059,77.2191
Andhra Pradesh,Anantapur,Madakasira,Madakasira,13.9411,77.276
Andhra Pradesh,Anantapur,Madakasira,Madakasira,13.9407,77.2632
Andhra Pradesh,Anantapur,Mudigubba,Adivi Brahmanapalli,14.3549,78.0366
Andhra Pradesh,Anantapur,Mudigubba,Malakavemula-Rs,14.27,78.0575
Andhra Pradesh,Anantapur,Nallacheruvu,Nallacheruvu,13.987,78.1878
Andhra Pradesh,Anantapur,Nallamada,"Muthyalacherevu
Poolabhavi",14.1031,78.0998
Andhra Pradesh,Anantapur,Obuladevaracheruvu,Ingaluru,14.04526,78.0388
Andhra Pradesh,Anantapur,Obuladevaracheruvu,O.D.Cheruvu,14.0217,77.9952
Andhra Pradesh,Anantapur,Obuladevaracheruvu,Tangdikunta,13.9425,77.9345
Andhra Pradesh,Anantapur,Penukonda,Penukonda,14.0863,77.5976
Andhra Pradesh,Anantapur,Puttaparti,Kambalaparthi,14.1377,77.9099
Andhra Pradesh,Anantapur,Rayadurg,Rayadurg,14.7054,76.8484
Andhra Pradesh,Anantapur,Rolla,Hottebetta-Pz,13.881,77.1588
Andhra Pradesh,Anantapur,Rolla,Kothapalem,13.8768,77.1462
Andhra Pradesh,Anantapur,Tadipatri,Tadipatri,14.9088,77.9952
Andhra Pradesh,Anantapur,Talupula,Talapula,14.2421,78.25569
Andhra Pradesh,Anantapur,Tanakal,Tanakallu,13.9171,78.196
Andhra Pradesh,Anantapur,Uravakonda,Amidala,14.851,77.2501
Andhra Pradesh,Anantapur,Vajrakarur,Vajrakarur,15.03043,77.38311
Andhra Pradesh,Chittoor,Bangarupalem,Govardhanagiri,13.162967,78.891431
Andhra Pradesh,Chittoor,Bangarupalem,Govardhanagiri,13.162874,78.891378
Andhra Pradesh,Chittoor,Bangarupalem,Shankrantipalli,13.195626,79.004018
Andhra Pradesh,Chittoor,Buchinaidu-Kandrika,Nilavai,13.63705,79.900838
Andhra Pradesh,Chittoor,Chandragiri,Mungilipattu,13.560868,79.249306
Andhra Pradesh,Chittoor,Chittoor,Chittoor,13.1936111,79.0966667
Andhra Pradesh,Chittoor,Chittoor,Chittoor,13.207501,79.098122
Andhra Pradesh,Chittoor,Chittoor,Chittoor,13.2167,79.1028
Andhra Pradesh,Chittoor,Gudupalle,Nangamangalam,13.041167,79.18317
Andhra Pradesh,Chittoor,Kalakada,Kalakoda,13.82753,78.78775
Andhra Pradesh,Chittoor,Kalakada,Papireddygaripalli,13.78668,78.7309
Andhra Pradesh,Chittoor,Kalikiri,Medikurthi,13.70517,78.77318
Andhra Pradesh,Chittoor,Kalikiri,T.Chandravaripalli,13.72281,78.86358
Andhra Pradesh,Chittoor,Kammapalli,Balezapalli,13.521262,79.380715
Andhra Pradesh,Chittoor,Kuppam,"Ammasi Reddy
Kandriga",13.456562,79.963752
Andhra Pradesh,Chittoor,Kurabalakota,Errapalle,13.67682,78.46081
Andhra Pradesh,Chittoor,Kurabalakota,Kurabalakota,13.65967,78.48868
Andhra Pradesh,Chittoor,Madanapalle,Arogyavaram,13.59343,78.52698
Andhra Pradesh,Chittoor,Madanapalle,Basani Khonda,13.55127,78.52983
Andhra Pradesh,Chittoor,Madanapalle,Danduvaripalle,13.51068,78.47652
Andhra Pradesh,Chittoor,Madanapalle,Madanapalle,13.55638,78.50148
Andhra Pradesh,Chittoor,Nagalapuram,Baitakodiambedu,13.369534,79.814331
Andhra Pradesh,Chittoor,Nagalapuram,Nagalapuram,13.395473,79.777029
Andhra Pradesh,Chittoor,Nimmanapalle,Chintaparti,13.64421,78.70485
Andhra Pradesh,Chittoor,Nimmanapalle,Nimmanapalle,13.57053,78.66868
Andhra Pradesh,Chittoor,Pakala,Damalcheruvu,13.478035,79.048154
Andhra Pradesh,Chittoor,Palamaner,Duginevaripalli,13.147758,78.661174
Andhra Pradesh,Chittoor,Palamaner,M.Kotur,13.103692,78.752912
Andhra Pradesh,Chittoor,Palamaner,Palamaneru,13.1990988,78.7451436
Andhra Pradesh,Chittoor,Palamaner,T.Vodduru,13.1763889,78.7497222
Andhra Pradesh,Chittoor,Palamaner,T.Vodduru,13.176582,78.749927
Andhra Pradesh,Chittoor,"Peddatippasamudra
m",Pulikallu,13.7738,78.22435
Andhra Pradesh,Chittoor,Pulicherla,Marriguntalagani Palli,13.568648,79.01537
Andhra Pradesh,Chittoor,Punganur,Idegepalli,13.470248,78.538429
Andhra Pradesh,Chittoor,Puthalapattu,Bandarapalli,13.331324,79.099552
Andhra Pradesh,Chittoor,Puthalapattu,Kanipakam,13.262268,79.060404
Andhra Pradesh,Chittoor,Puttur,Puttur,13.444717,79.551048
Andhra Pradesh,Chittoor,Ramakuppam,Govindapalle,12.815605,78.456067
Andhra Pradesh,Chittoor,Ramasamudram,Chokkandapalle,13.32548,78.45216
Andhra Pradesh,Chittoor,Ramasamudram,Ramasamudram,13.36429,78.4271
Andhra Pradesh,Chittoor,Renigunta,Guntuvaripalli,13.6514,79.5425
Andhra Pradesh,Chittoor,Rompicherla,Rompicherla,13.67,79.0436111
Andhra Pradesh,Chittoor,Rompicherla,Rompicherla,13.670268,79.043764
Andhra Pradesh,Chittoor,Satyavedu,Madambedu,13.411464,79.928591
Andhra Pradesh,Chittoor,Sodum,Battuvaripalli,13.547094,78.916628
Andhra Pradesh,Chittoor,Sodum,Gundlurivaripalle,13.554438,78.897996
Andhra Pradesh,Chittoor,Sodum,Gundlurivaripalle,13.554438,78.897996
Andhra Pradesh,Chittoor,Somala,Burujupalle,13.5297222,78.7855556
Andhra Pradesh,Chittoor,Somala,Burujupalle,13.529724,78.785763
Andhra Pradesh,Chittoor,Somala,Somala,13.47687,78.810551
Andhra Pradesh,Chittoor,Somala,Somala,13.47687,78.810551
Andhra Pradesh,Chittoor,Srikalahasthi,Erpedu,13.697156,79.594039
Andhra Pradesh,Chittoor,Srikalahasthi,Srikalahasthi,13.752364,79.702453
Andhra Pradesh,Chittoor,Srirangarajupuram,Arumakapalli,13.303271,79.287134
Andhra Pradesh,Chittoor,Thambalapalle,Kandlamadugu,13.66631,78.41837
Andhra Pradesh,Chittoor,Tirupati(R),Suritipalli,13.3354,79.872994
Andhra Pradesh,Chittoor,Tirupati(R),Tayyuru,13.302892,79.311273
Andhra Pradesh,Chittoor,Tirupati(R),Tirumala,13.684841,79.344625
Andhra Pradesh,Chittoor,Tirupati(U),Tirupati(U),13.642481,79.421505
Andhra Pradesh,Chittoor,Varadaiahpalem,Chinna Panduru,13.54444,79.941657
Andhra Pradesh,Chittoor,Vayalpadu,Thurukupalli,13.62377,78.69937
Andhra Pradesh,Chittoor,Vedurukuppam,Karvetnagar,13.426237,79.453139
Andhra Pradesh,Chittoor,Venkatagirikota,Bairupalli,12.963173,78.507393
Andhra Pradesh,Chittoor,Venkatagirikota,Venkatagirikota,13.000809,78.479339
Andhra Pradesh,Chittoor,Yadamarri,Muddu Rampuram,13.109653,78.995284
Andhra Pradesh,Chittoor,Yerpedu,Yerpedu,13.820228,79.584794
Andhra Pradesh,Cuddapah,"Brahmamgarimatha
m",Chaudarivaripalli,14.832012,78.95212
Andhra Pradesh,Cuddapah,"Brahmamgarimatha
m",Chowkpalli,14.89482,78.923965
Andhra Pradesh,Cuddapah,"Brahmamgarimatha
m",Mallegudupadu,14.793098,78.978771
Andhra Pradesh,Cuddapah,"Brahmamgarimatha
m",Vbmatham,14.820872,78.87815
Andhra Pradesh,Cuddapah,Chakrayapeta,Mahadevpalle,14.209781,78.517905
Andhra Pradesh,Cuddapah,Chapad,Alludupally,14.71928,78.677051
Andhra Pradesh,Cuddapah,Chapad,Alludupally,14.719086,78.676753
Andhra Pradesh,Cuddapah,Chapad,Vishwanathpuram,14.725289,78.707497
Andhra Pradesh,Cuddapah,Chinnamandyam,Chinnamandyam,13.94948,78.68845
Andhra Pradesh,Cuddapah,D.Kodur,Mallepalle,14.8889,78.880741
Andhra Pradesh,Cuddapah,Duvvur,Kanagudur,14.916618,78.617621
Andhra Pradesh,Cuddapah,Galiveedu,Galiveedu,14.02485,78.50271
Andhra Pradesh,Cuddapah,Galiveedu,Nakkalavandlapalli,14.03883,78.54328
Andhra Pradesh,Cuddapah,Jammalamadugu,Jammalamadugu,14.85227,78.387915
Andhra Pradesh,Cuddapah,Kamalapuram,Chadipirala T,14.52212,78.63696
Andhra Pradesh,Cuddapah,Khazipet,Pathur,14.647221,78.775095
Andhra Pradesh,Cuddapah,Kodur,Koduru,13.95871,79.35315
Andhra Pradesh,Cuddapah,Kodur,Prabhalaveedu,14.79255,79.009114
Andhra Pradesh,Cuddapah,Kodur,Sagileru,14.950724,78.95489
Andhra Pradesh,Cuddapah,Kondapuram,Donkapalli Satram,14.731518,78.14634
Andhra Pradesh,Cuddapah,Lakkireddipalle,Lakkireddipalli,14.1966667,78.7313889
Andhra Pradesh,Cuddapah,Lingala,Diguva Lingala,14.497139,78.115782
Andhra Pradesh,Cuddapah,Mylavaram,Talamanchipatnm,14.94489,78.311803
Andhra Pradesh,Cuddapah,Obulavaripalle,G.Venkatapuram,14.0142,79.2372
Andhra Pradesh,Cuddapah,Obulavaripalle,Mangampet,14.04102,79.30847
Andhra Pradesh,Cuddapah,Penagalur,Reddivaripally,14.32187,79.28923
Andhra Pradesh,Cuddapah,Penagalur,Vadipalli Brahmagari Devalayam,14.24839,79.23571
Andhra Pradesh,Cuddapah,Pullampet,Ananthasamudram,14.06556,79.16972
Andhra Pradesh,Cuddapah,Pullampet,Ananthasamudram,14.06523,79.16967
Andhra Pradesh,Cuddapah,Pullampet,Pullampeta,14.12081,79.21148
Andhra Pradesh,Cuddapah,Rajampet,Gundluru,14.25071,79.11377
Andhra Pradesh,Cuddapah,Rajampet,Kamapally,14.18908,79.00881
Andhra Pradesh,Cuddapah,Ramapuram,Ramapuram,14.19364,78.76031
Andhra Pradesh,Cuddapah,Rf,Guvvalacheruvu,14.29693,78.7523
Andhra Pradesh,Cuddapah,Sandepalle,Konnidigaripalli,13.98899,78.95367
Andhra Pradesh,Cuddapah,Simhadripuram,Sunkesula,14.65215,78.211649
Andhra Pradesh,Cuddapah,T.Sundupalle,Pincha,13.91567,78.99868
Andhra Pradesh,Cuddapah,Veeraballe,Sanipai,14.10753,78.94972
Andhra Pradesh,Cuddapah,Veerapanayanipalle,Kommadi,14.546137,78.441925
Andhra Pradesh,Cuddapah,Veerapanayanipalle,N.Pallagiri,14.457134,78.442387
Andhra Pradesh,Cuddapah,Vempalle,Idupulapaya,14.334347,78.53285
Andhra Pradesh,Cuddapah,Vempalle,Tallapalli,14.373301,78.388035
Andhra Pradesh,Cuddapah,Vemula,V.Kottapalli,14.370006,78.358853
Andhra Pradesh,East Godavari,Addatigala,Addateegala,17.4633,82.0271
Andhra Pradesh,East Godavari,Addatigala,Mallavaram Mammilu,17.5032,82.0124
Andhra Pradesh,East Godavari,Addatigala,Veerbhadrapuram,17.4379,82.074
Andhra Pradesh,East Godavari,Ainavilli,Ainavilli,16.6613,82.0125
Andhra Pradesh,East Godavari,Ainavilli,Mukteshwaram,16.6602,82.0246
Andhra Pradesh,East Godavari,Ainavilli,Vilasa,16.6187,82.0195
Andhra Pradesh,East Godavari,Amalapuram,Amalapuram,16.562,81.9956
Andhra Pradesh,East Godavari,Amalapuram,Amalapuram,16.5734,82.0051
Andhra Pradesh,East Godavari,Amalapuram,Bandurlanka,16.5882,81.9738
Andhra Pradesh,East Godavari,Ambajupeta,Ambajipeta,16.5933,81.9523
Andhra Pradesh,East Godavari,Ambajupeta,Chinalanka,16.6544,81.9381
Andhra Pradesh,East Godavari,Atreyapuram,Atreyapuram,16.8319,81.7872
Andhra Pradesh,East Godavari,Atreyapuram,Dowalaiswaram -3,16.9392,81.7866
Andhra Pradesh,East Godavari,Atreyapuram,Rally,16.7796,81.8027
Andhra Pradesh,East Godavari,Devipatnam,Chinna Ramanayapet,17.3235,81.6974
Andhra Pradesh,East Godavari,Gangavaram,Gangavaram,17.3875,81.9152778
Andhra Pradesh,East Godavari,Gangavaram,Jaderu,17.4805,81.9523
Andhra Pradesh,East Godavari,Gokavaram,Bhavugipet,17.2083,81.8467
Andhra Pradesh,East Godavari,Gokavaram,Gokavaram,17.2653,81.8475
Andhra Pradesh,East Godavari,Gollaprolu,Gollaprolu,17.1538,82.2864
Andhra Pradesh,East Godavari,I.Polavaram,Komaragiri,16.6963,82.1802
Andhra Pradesh,East Godavari,I.Polavaram,Muramalla,16.6728,82.165
Andhra Pradesh,East Godavari,I.Polavaram,Yanam,16.7294,82.2141
Andhra Pradesh,East Godavari,Kakinada(R),Chollangi,16.8854,82.2339
Andhra Pradesh,East Godavari,Kakinada(R),Repuru,16.9557,82.1893
Andhra Pradesh,East Godavari,Kakinada(R),Vakalpudi,17.0137,82.2835
Andhra Pradesh,East Godavari,Kakinada(U),Anjaneyanagar,17.0094,82.2482
Andhra Pradesh,East Godavari,Kakinada(U),Fishing Horbour,16.985,82.2757
Andhra Pradesh,East Godavari,Kakinada(U),Kakinada-Pz,16.9833,82.2491
Andhra Pradesh,East Godavari,Kakinada(U),Kasinadhapuram,16.9248,82.236
Andhra Pradesh,East Godavari,Kakinada(U),Santhacheruvu,16.9503,82.237
Andhra Pradesh,East Godavari,Kakinada(U),Thimmapuram,17.024,82.2419
Andhra Pradesh,East Godavari,Kotananduru,Jaldam,17.4486,82.3317
Andhra Pradesh,East Godavari,Kothapalle,Uppada,17.0805,82.3355
Andhra Pradesh,East Godavari,Kothapeta,Kothapeta,16.7159,81.8964
Andhra Pradesh,East Godavari,Madapeta,Dwarapudi,16.927,81.9167
Andhra Pradesh,East Godavari,Malikipuram,Malikipuram,16.4135,81.8047
Andhra Pradesh,East Godavari,Malikipuram,Sakhinetipalli,16.4077,81.7513
Andhra Pradesh,East Godavari,Malikipuram,Sakhinetipalli,16.4077,81.7513
Andhra Pradesh,East Godavari,Mamidikuduru,Appanapalle,16.5307,81.9234
Andhra Pradesh,East Godavari,Maredumilli,Maredumilli,17.5959,81.7149
Andhra Pradesh,East Godavari,Mummidivaram,Mobalacheruvu,16.6165,82.0731
Andhra Pradesh,East Godavari,Mummidivaram,Mummadivaram,16.6442,82.1014
Andhra Pradesh,East Godavari,Mummidivaram,Thanelankapalli,16.6562,82.1221
Andhra Pradesh,East Godavari,Pamarru,Kotipalli,16.6998,82.038
Andhra Pradesh,East Godavari,Pithapuram,Pithapuram,17.113,82.2599
Andhra Pradesh,East Godavari,Pithapuram,Pithapuram,16.404601,81.805816
Andhra Pradesh,East Godavari,Prathipadu,Dharmavaram,17.227,82.2285
Andhra Pradesh,East Godavari,Prathipadu,Pattipadu,17.2302,82.1986
Andhra Pradesh,East Godavari,Rajahmundry(U),Rajahmundry,16.9915,81.7776
Andhra Pradesh,East Godavari,Rajahmundry(U),Rajahmundry,16.9726,81.7851
Andhra Pradesh,East Godavari,Rajahmundry(U),Rajahmundry(U),17.0129,81.7828
Andhra Pradesh,East Godavari,Rajanagaram,Anaparthy,16.9384,81.9542
Andhra Pradesh,East Godavari,Rajanagaram,Kolamuru,17.0595,81.8051
Andhra Pradesh,East Godavari,Rajanagaram,Rajanagaram,17.083,81.9065
Andhra Pradesh,East Godavari,Rajavommangi,Badadanapalli,17.5841,82.2685
Andhra Pradesh,East Godavari,Rajavommangi,Jaddangi,17.4855,82.1582
Andhra Pradesh,East Godavari,Rajavommangi,Lagarai,17.5735,82.1922
Andhra Pradesh,East Godavari,Rajavommangi,Rajaumangai-Alt,17.5408,82.2229
Andhra Pradesh,East Godavari,Ramachandrapuram,Annaipeta,16.7898,82.066
Andhra Pradesh,East Godavari,Ramachandrapuram,Draksharamam,16.7921,82.0637
Andhra Pradesh,East Godavari,Ramachandrapuram,Tallapolam,16.8168,82.0391
Andhra Pradesh,East Godavari,Ramachandrapuram,Vegayammapeta,16.7811,82.082
Andhra Pradesh,East Godavari,Rampachodavaram,Folkspeta,17.3139,81.8398
Andhra Pradesh,East Godavari,Rampachodavaram,Rampachodavaram,17.4402,81.7805
Andhra Pradesh,East Godavari,Rampachodavaram,Selkavedhi,17.4613,81.671
Andhra Pradesh,East Godavari,Rampachodavaram,Sitapalli,17.3762,81.7915
Andhra Pradesh,East Godavari,Rangampeta,Kotapadu,17.0883,82.025
Andhra Pradesh,East Godavari,Ravulapalem,Delta Gannavarm,16.5879,81.8885
Andhra Pradesh,East Godavari,Ravulapalem,Jonnada,16.7929,81.8659
Andhra Pradesh,East Godavari,Ravulapalem,Mummidivarampad,16.7029,81.8325
Andhra Pradesh,East Godavari,Ravulapalem,Ravulapalem,16.7528,81.8397
Andhra Pradesh,East Godavari,Razole,Razole,16.48,81.8446
Andhra Pradesh,East Godavari,Sakhinetipalle,Antarvedi,16.3337,81.7332
Andhra Pradesh,East Godavari,Sankhavaram,G Kottapalli,17.3068,82.3655
Andhra Pradesh,East Godavari,Sankhavaram,Kattipudi,17.2429,82.3314
Andhra Pradesh,East Godavari,Tallarevu,Tallarevu,16.7828,82.2303
Andhra Pradesh,East Godavari,Tallarevu,Thurpet,16.7529,82.2289
Andhra Pradesh,East Godavari,Thondangi,Tammayyapeta,17.2496,82.3708
Andhra Pradesh,East Godavari,Tuni,Hamsavaram,17.2921,82.4927
Andhra Pradesh,East Godavari,Tuni,Tetagunda,17.307,82.4429
Andhra Pradesh,East Godavari,Y.Ramavaram,Chaviti Tibalu,17.6183,81.9854
Andhra Pradesh,East Godavari,Y.Ramavaram,P Yerragonda,17.6583,81.9492
Andhra Pradesh,East Godavari,Yeleswaram,Gontuvanipalem,17.315367,82.103371
Andhra Pradesh,Guntur,Amaravati,Amravathi-Dw,16.5733,80.3612
Andhra Pradesh,Guntur,Amaravati,Narakullapodu,16.5329,80.3663
Andhra Pradesh,Guntur,Amaravati,Ungutur,16.4941,80.3645
Andhra Pradesh,Guntur,Amaravati,Zupudi,16.5661,80.2572
Andhra Pradesh,Guntur,Amruthaluru,Govada,16.0701,80.667
Andhra Pradesh,Guntur,Amruthaluru,Kuchipudi,16.1847,80.6595
Andhra Pradesh,Guntur,Atchampeta,Krosur,16.5429,80.1393
Andhra Pradesh,Guntur,Bapatla,Bapatla-Dw,15.9159,80.4824
Andhra Pradesh,Guntur,Bapatla,Cheruvu Jamulapalem,15.9354,80.445
Andhra Pradesh,Guntur,Battiprolu,Bhattiprolu,16.097266,80.786297
Andhra Pradesh,Guntur,Battiprolu,Bhattiprolu,15.725602,80.005206
Andhra Pradesh,Guntur,Battiprolu,Bhattiprolu,16.0974,80.7865
Andhra Pradesh,Guntur,Battiprolu,Bhattiprolu-Dw,16.0966,80.7733
Andhra Pradesh,Guntur,Bellamkonda,Bellamkonda,16.4922,80.0076
Andhra Pradesh,Guntur,Bellamkonda,Utukuru,16.566,80.2018
Andhra Pradesh,Guntur,Chebrolu,Chebrolu,16.1986,80.5257
Andhra Pradesh,Guntur,Chebrolu,Narakoduru,16.22562,80.514537
Andhra Pradesh,Guntur,Cherukupalle,Punnapalle,16.061115,80.701225
Andhra Pradesh,Guntur,Cherukupalle,Yemminenivaripalem,16.0949,80.7852
Andhra Pradesh,Guntur,Chilakaluripeta,Chilkaluripet,16.0851,80.1765
Andhra Pradesh,Guntur,Chilakaluripeta,Maddirala,16.0947,80.0909
Andhra Pradesh,Guntur,Chilakaluripeta,Timmapuram-Dw,16.1491,80.2048
Andhra Pradesh,Guntur,Dachepalle,Dachepalli-Alt,16.6002,79.7259
Andhra Pradesh,Guntur,Duggirala,Kolakaluru,16.3034,80.6189
Andhra Pradesh,Guntur,Guntur,Budampadu-Dw,16.26,80.4746
Andhra Pradesh,Guntur,Guntur,Etukunu,16.2632,80.4247
Andhra Pradesh,Guntur,Guntur,Guntur,16.2985,80.4317
Andhra Pradesh,Guntur,Guntur,Nallapadu,16.3057,80.3739
Andhra Pradesh,Guntur,Guntur,Phanidharam,16.361433,80.393346
Andhra Pradesh,Guntur,Gurajala,Gurajala,16.5616,79.6467
Andhra Pradesh,Guntur,Gurajala,Gurzala,16.558,79.6325
Andhra Pradesh,Guntur,Ipur,A Muppalla,16.2434,79.8415
Andhra Pradesh,Guntur,Ipur,Ipur,16.226,79.7768
Andhra Pradesh,Guntur,Ipur,Kocherla,16.1492,79.7582
Andhra Pradesh,Guntur,Kollipara,Athota,16.3003,80.6836
Andhra Pradesh,Guntur,Kollipara,Athota,16.3003,80.6836
Andhra Pradesh,Guntur,Kollipara,Kollipara Dw,16.2866,80.7496
Andhra Pradesh,Guntur,Kollur,Kolluru-Ravikampadu,16.1308,80.8171
Andhra Pradesh,Guntur,Krosuru,Pisapadu,16.4979,80.1431
Andhra Pradesh,Guntur,Machavaram,Murjampadu,16.5906,79.9084
Andhra Pradesh,Guntur,Macherla,Macherla,16.4676,79.4272
Andhra Pradesh,Guntur,Macherla,Vijayapuri,16.5598,79.3143
Andhra Pradesh,Guntur,Medikonduru,Medikondur,16.3455,80.3023
Andhra Pradesh,Guntur,Muppala,Gollapadu,16.3067,80.0833
Andhra Pradesh,Guntur,Nadendla,Nadendla,16.1762,80.1843
Andhra Pradesh,Guntur,Narsaraopet,Jonnalagadda,16.2418,80.0829
Andhra Pradesh,Guntur,Narsaraopet,Lingamguntla,16.231,80.0318
Andhra Pradesh,Guntur,Narsaraopet,Pamidimarru,16.1286,80.022
Andhra Pradesh,Guntur,Nizampatnam,Nijampatnam,15.9624,80.6638
Andhra Pradesh,Guntur,Nizampatnam,Pallapatla-Dw,15.971906,80.614139
Andhra Pradesh,Guntur,Nuzendla,Inovolu,15.9932,79.6704
Andhra Pradesh,Guntur,Pedanandipadu,Varagami,16.085077,80.328973
Andhra Pradesh,Guntur,Phirangipuram,Pirangipuram,16.288,80.2565
Andhra Pradesh,Guntur,Piduguralla,Brahmanapally-Dw,16.5174,79.8311
Andhra Pradesh,Guntur,Piduguralla,Brahmanpally,16.5183,79.8279
Andhra Pradesh,Guntur,Piduguralla,Guttikonda,16.4306,79.8322
Andhra Pradesh,Guntur,Piduguralla,Pillutla,16.5385,79.9057
Andhra Pradesh,Guntur,Piduguralla,Thummalacheruvu,16.5255,79.7987
Andhra Pradesh,Guntur,Pittalavanipalem,Mannevaripalem-Dw,15.9667,80.65054
Andhra Pradesh,Guntur,Ponnuru,Kattempudi,16.113528,80.455848
Andhra Pradesh,Guntur,Ponnuru,Ponnur(Old),16.064657,80.543006
Andhra Pradesh,Guntur,Prathipadu,Prattipadu,16.1803,80.3318
Andhra Pradesh,Guntur,Rajupalem,Kondamodu,16.4608,79.9206
Andhra Pradesh,Guntur,Rajupalem,Kondamodu,16.4609,79.9204
Andhra Pradesh,Guntur,Rentachintala,Rentachintala,16.5514,79.5477
Andhra Pradesh,Guntur,Rentachintala,Tummurukota,16.5583,79.4611
Andhra Pradesh,Guntur,Repalle,Repalle,16.0288,80.8397
Andhra Pradesh,Guntur,Repalle,Repalle,16.178917,80.750972
Andhra Pradesh,Guntur,Repalle,Repalle,16.0327778,80.8186111
Andhra Pradesh,Guntur,Rompicherla,Rompicherla,16.21,79.9133
Andhra Pradesh,Guntur,Rompicherla,Rompicherla,16.2128,79.9049
Andhra Pradesh,Guntur,Rompicherla,Santhagudipadu,16.2534,79.9141
Andhra Pradesh,Guntur,Sattenapalle,Rentapalle,16.4713,80.1364
Andhra Pradesh,Guntur,Sattenapalle,Sattenapalle,16.4063,80.1479
Andhra Pradesh,Guntur,Savalyapuram,Velpur(G.Palem),16.2955,79.8648
Andhra Pradesh,Guntur,Tadikonda,Mukkamala,16.4519,80.375
Andhra Pradesh,Guntur,Tadikonda,Ponnekallu,16.4043,80.4021
Andhra Pradesh,Guntur,Tadikonda,Ravela,16.418,80.3484
Andhra Pradesh,Guntur,Tadikonda,Tadikonda-Dw,16.4184903,80.4422593
Andhra Pradesh,Guntur,Tenali,Sekuru,16.276545,80.476454
Andhra Pradesh,Guntur,Tenali,Tenali,16.24374,80.631956
Andhra Pradesh,Guntur,Tenali,Tenali,16.2411111,80.6316667
Andhra Pradesh,Guntur,Tenali,Tenali,16.5456111,81.036851
Andhra Pradesh,Guntur,Tenali,Tenali,16.24374,80.631956
Andhra Pradesh,Guntur,Thulluru,Mandhadam,16.5145,80.5316
Andhra Pradesh,Guntur,Thulluru,Pedda Parimi,16.4599,80.4552
Andhra Pradesh,Guntur,Thulluru,Thulluru-Dw,16.5304,80.4704
Andhra Pradesh,Guntur,Thulluru,Vykuntapuram,16.566,80.4127
Andhra Pradesh,Guntur,Veldurti,Mandadi,16.4084,79.4054
Andhra Pradesh,Guntur,Veldurti,Sirigiripadu,16.3043,79.3263
Andhra Pradesh,Guntur,Vemuru,Chavali-Dw,16.1389,80.7274
Andhra Pradesh,Guntur,Vemuru,Vemuru,16.1788889,80.7508333
Andhra Pradesh,Guntur,Vinukonda,Chikatigalapalem,16.0067,79.6903
Andhra Pradesh,Guntur,Vinukonda,Enugupalem,16.0206,79.8268
Andhra Pradesh,Guntur,Vinukonda,Gonoguntlavaripalem,16.0276,79.7929
Andhra Pradesh,Guntur,Vinukonda,Vellatur,16.1193,79.6506
Andhra Pradesh,Guntur,Vinukonda,Vinukonda,16.0519,79.7434
Andhra Pradesh,Krishna,A.Konduru,A Konduru-New,16.5632,80.648
Andhra Pradesh,Krishna,A.Konduru,Kakarla,17.0566,80.6352
Andhra Pradesh,Krishna,A.Konduru,Ramchandrapuram,16.87266,80.63975
Andhra Pradesh,Krishna,Avanigadda,Avanigadda,16.022832,80.914599
Andhra Pradesh,Krishna,Bantumilli,Bantumilli,16.3697,81.2721
Andhra Pradesh,Krishna,Bantumilli,Malleshwaram,16.3552,81.2712
Andhra Pradesh,Krishna,Bapulapadu,Bapulapadu-3,16.6451,80.9675
Andhra Pradesh,Krishna,Challapalli,Challapalli,16.1185,80.9393
Andhra Pradesh,Krishna,Challapalli,Lankapalli-Dw,16.1347,80.9856
Andhra Pradesh,Krishna,Gampalagudem,Gampalagudem,16.9997,80.5242
Andhra Pradesh,Krishna,Gampalagudem,Garikapadu,16.9486,80.0525
Andhra Pradesh,Krishna,Gampalagudem,Veenagadapa,16.972113,80.531169
Andhra Pradesh,Krishna,Gannavaram,B B Gudem,16.5713,80.7515
Andhra Pradesh,Krishna,Gudivada,Angaluru New,16.257904,80.830665
Andhra Pradesh,Krishna,Gudivada,Polukonda,16.521062,81.079137
Andhra Pradesh,Krishna,Gudivada,Ventrapragada,16.442,80.91
Andhra Pradesh,Krishna,Gudlavalleru,Gudlavalleru-New,16.3436,81.0547
Andhra Pradesh,Krishna,Gudlavalleru,Kautaram,16.3354,81.0779
Andhra Pradesh,Krishna,Guduru,Guduru,16.2202,81.0842
Andhra Pradesh,Krishna,Ibrahimpatnam,Ibrahimpatnam,16.59016,80.52075
Andhra Pradesh,Krishna,Jaggayyapeta,Muktyala,16.8273,80.076
Andhra Pradesh,Krishna,Kaikaluru,Pallewada,16.5794,81.28671
Andhra Pradesh,Krishna,Kalidindi,Kalidindi,16.505313,81.29022
Andhra Pradesh,Krishna,Kanchikacherla,Kanchikacherla,16.6811,80.395
Andhra Pradesh,Krishna,Koduru,Koduru,16.0073,81.0276
Andhra Pradesh,Krishna,Koduru,Mandapakala,15.9761,80.9981
Andhra Pradesh,Krishna,Machilipatnam,Nimmakuru-Ntr,16.2747,81.0051
Andhra Pradesh,Krishna,Machilipatnam,Sultan Nagar,16.2001,81.1136
Andhra Pradesh,Krishna,Mandavalli,Kaikaluru,16.544557,81.199477
Andhra Pradesh,Krishna,Mandavalli,Konakallu-Dw,16.46083,81.13434
Andhra Pradesh,Krishna,Mandavalli,Mandavalli-Dw,16.517757,81.16381
Andhra Pradesh,Krishna,Movva,Ayyanki,16.2657,80.9437
Andhra Pradesh,Krishna,Mudinepalle,Bomminampadu,16.4735,81.217
Andhra Pradesh,Krishna,Mudinepalle,Kopparagudem,16.40835,81.17411
Andhra Pradesh,Krishna,Mudinepalle,Mallapparajgudem,16.4091,81.2081
Andhra Pradesh,Krishna,Mudinepalle,Singarayapalem,16.410564,81.156416
Andhra Pradesh,Krishna,Musunuru,Musunuru,16.82833,80.93496
Andhra Pradesh,Krishna,Mylavaram,Chandragudem,16.807878,80.630106
Andhra Pradesh,Krishna,Mylavaram,Mailavaram,16.75266,80.63925
Andhra Pradesh,Krishna,Nagayalanka,Nagayalanka,15.949,80.922
Andhra Pradesh,Krishna,Nandigama,Anasagaram,16.789,80.2734
Andhra Pradesh,Krishna,Nandigama,Itavaram-Dw,16.735018,80.3043
Andhra Pradesh,Krishna,Nuzividu,Nuzivedu,16.786811,80.855
Andhra Pradesh,Krishna,Nuzividu,Vadlamanu,16.72076,80.809203
Andhra Pradesh,Krishna,Pamarru,Kurumaddali,16.331,80.926
Andhra Pradesh,Krishna,Pamidimukkala,Movva,16.2269,80.9129
Andhra Pradesh,Krishna,Pedana,Balliparru,16.277,81.1872
Andhra Pradesh,Krishna,Pedana,Munjuluru,16.3092,81.212
Andhra Pradesh,Krishna,Pedana,Nadupur,16.283,81.1293
Andhra Pradesh,Krishna,Pedana,Pedana New,16.2584,81.1455
Andhra Pradesh,Krishna,Penuganchiprolu,Penuganchiprolu,16.90187,80.2471
Andhra Pradesh,Krishna,Reddigudem,Kottareddigudem,16.876774,80.741375
Andhra Pradesh,Krishna,Tiruvuru,Chintalapadu-Dw,17.03118,80.555616
Andhra Pradesh,Krishna,Tiruvuru,Tiruvur,17.114346,80.6142
Andhra Pradesh,Krishna,Vatsavai,Makkapeta,16.92517,80.191503
Andhra Pradesh,Krishna,Veerulapadu,Jagannadhapuram,16.7295,80.4099
Andhra Pradesh,Krishna,Vissannapeta,Vissannapet New,16.942,80.783546
Andhra Pradesh,Krishna,Vuyyuru,Akunuru,16.392,80.1888
Andhra Pradesh,Krishna,Vuyyuru,Kadavakollu,16.3966,80.8523
Andhra Pradesh,Krishna,Vuyyuru,Tadanki,16.356,80.879685
Andhra Pradesh,Kurnool,Adoni,"Adoni Kota Veerabhadraswamigud
i",15.6667,77.2875
Andhra Pradesh,Kurnool,Adoni,Bapuram,15.7882,77.08347
Andhra Pradesh,Kurnool,Adoni,Boddanakere,15.69934,77.2849
Andhra Pradesh,Kurnool,Adoni,Gulyam,15.3593027,77.0633251
Andhra Pradesh,Kurnool,Adoni,Naganathanapali,15.5607,77.22214
Andhra Pradesh,Kurnool,Allagadda,Ahobilam,15.13398,78.67252
Andhra Pradesh,Kurnool,Alur,Aluru,15.39912,77.2235
Andhra Pradesh,Kurnool,Atmakur,Atmakur (Alt),15.87427,78.57705
Andhra Pradesh,Kurnool,Atmakur,Venkatapuram,15.88315,78.6544
Andhra Pradesh,Kurnool,Banaganapalle,Banaganapalli,15.31297,78.22714
Andhra Pradesh,Kurnool,Dadivemula,Gadivemula,15.66742,78.44095
Andhra Pradesh,Kurnool,Dadivemula,Santajutur,15.62604,78.534363
Andhra Pradesh,Kurnool,Devanakonda,Karivemula,15.5942,77.5967
Andhra Pradesh,Kurnool,Emmiganur,Bapuram,15.3323,77.1262
Andhra Pradesh,Kurnool,Emmiganur,Yemignur[R],15.7568,77.4583
Andhra Pradesh,Kurnool,Gonegandla,Gonegandla,15.7079,77.6142
Andhra Pradesh,Kurnool,Gonegandla,Gonegondla,15.7117,77.5963
Andhra Pradesh,Kurnool,Gudur,Gudur,15.7726,77.8074
Andhra Pradesh,Kurnool,Halaharvi,Haradgiri-Pn-3,15.3012,77.18819
Andhra Pradesh,Kurnool,Holagonda,Holagondi,15.4833333,77.05
Andhra Pradesh,Kurnool,Holagonda,Sulavai,15.4321,77.1222
Andhra Pradesh,Kurnool,Jupadubunglow,Nandikotkur,15.85667,78.264113
Andhra Pradesh,Kurnool,Kautalam,Podalakunta,15.8432,77.1147
Andhra Pradesh,Kurnool,Kodumur,Kodumuru,15.6857,77.7736
Andhra Pradesh,Kurnool,Kodumur,Pyalakurthi,15.7151,77.8131
Andhra Pradesh,Kurnool,Kolimigundla,Kolimigundla,15.07472,78.107801
Andhra Pradesh,Kurnool,Kurnool,Kurnool,15.8385,78.0494
Andhra Pradesh,Kurnool,Kurnool,Kurnool,15.8055,78.0399
Andhra Pradesh,Kurnool,Mahanandi,Mahanandi,15.46921,78.619993
Andhra Pradesh,Kurnool,Mantralayam,Madhavaram,15.9354,77.3561
Andhra Pradesh,Kurnool,Mantralayam,Tungabhadra,15.9478,77.3014
Andhra Pradesh,Kurnool,Nandavaram,Yemignur,15.7556,77.4582
Andhra Pradesh,Kurnool,Nandyala,Nandyal,15.48917,78.49468
Andhra Pradesh,Kurnool,Orvakal,Orvakallu,15.6858,78.1758
Andhra Pradesh,Kurnool,Pagidyala,Moravakonda,15.95924,78.287632
Andhra Pradesh,Kurnool,Pamulapadu,Rudravaram,15.85028,78.47074
Andhra Pradesh,Kurnool,Panyam,Alamuru,15.45821,78.3248
Andhra Pradesh,Kurnool,Pattikonda,Rajala Mandagiri,15.4359,77.4735
Andhra Pradesh,Kurnool,Peapalle,Burugula,15.14486,77.94124
Andhra Pradesh,Kurnool,Peapalle,Yenugumarri,15.2972222,77.7916667
Andhra Pradesh,Kurnool,Rudravaram,Battulur,15.2452,78.505777
Andhra Pradesh,Kurnool,Srisailam,Srisailam,16.07588,78.8671
Andhra Pradesh,Kurnool,Uyyalawada,Nossam,14.98822,78.39186
Andhra Pradesh,Kurnool,Veldurthi,Veldurti,15.5531,77.9269
Andhra Pradesh,Kurnool,Velugodu,G Ragadi Gudur,15.71271,78.478413
Andhra Pradesh,Nellore,Allur,Allur,14.6783333,80.0519444
Andhra Pradesh,Nellore,Allur,Allur,14.680481,80.050014
Andhra Pradesh,Nellore,Allur,S Sakapalli,14.733379,80.096812
Andhra Pradesh,Nellore,Allur,Sunnapubatti,14.681736,79.973768
Andhra Pradesh,Nellore,Atmakur,Atmakur,14.646369,79.613616
Andhra Pradesh,Nellore,Atmakur,Kastam Pahad,14.679528,79.538524
Andhra Pradesh,Nellore,Atmakur,Venkatraopalli,14.61695,79.672681
Andhra Pradesh,Nellore,Balayapalli,Melchuru,13.908006,79.731489
Andhra Pradesh,Nellore,Bogole,Bitragunta,14.766012,80.003114
Andhra Pradesh,Nellore,Bogole,Kadanothala,14.790967,79.999678
Andhra Pradesh,Nellore,Chejerla,Aduripalle-Dw,14.442635,79.60458
Andhra Pradesh,Nellore,Chejerla,Bodipadu,14.516424,79.57495
Andhra Pradesh,Nellore,Chejerla,Nagulavellaturu,14.494247,79.519515
Andhra Pradesh,Nellore,Chillakur,Budamam,14.072159,79.890995
Andhra Pradesh,Nellore,Chillakur,Ramareddypalem,14.140425,80.006599
Andhra Pradesh,Nellore,Chittamur,Aravapalem,13.930517,80.038439
Andhra Pradesh,Nellore,Doravarisatram,Krishnapuram,13.800026,79.952811
Andhra Pradesh,Nellore,Duttalur,Bramheshpuram-Dw,14.8545,79.459237
Andhra Pradesh,Nellore,Duttalur,Nandipadu-Dw,14.805896,79.344572
Andhra Pradesh,Nellore,Duttalur,Udayagiri,14.876139,79.311011
Andhra Pradesh,Nellore,Gudur,Gollapalli,14.110181,79.727021
Andhra Pradesh,Nellore,Jaladandi,Tommidimile-Dw,14.864245,79.884613
Andhra Pradesh,Nellore,Kaligiri,Chennaannaluru-Dw,14.910302,79.684154
Andhra Pradesh,Nellore,Kaligiri,Kaligiri-Dw,14.828717,79.69651
Andhra Pradesh,Nellore,Kavali,Kavali,14.908659,79.993861
Andhra Pradesh,Nellore,Koluvoya,Kaluvaya,14.511303,79.412783
Andhra Pradesh,Nellore,Kondapuram,Kondapuram,14.992313,79.682117
Andhra Pradesh,Nellore,Kondapuram,Tadaparthi-Alt,14.517938,79.766096
Andhra Pradesh,Nellore,Kondavalur,North Rajupalem,14.557086,79.989582
Andhra Pradesh,Nellore,Kota,Chittedu,14.054294,79.980287
Andhra Pradesh,Nellore,Kota,Kesavaram,14.062342,79.960858
Andhra Pradesh,Nellore,Kota,Vidyanagar-Alt,14.030565,80.03122
Andhra Pradesh,Nellore,Kovvur,Chouttucherla,14.6136,80.0472
Andhra Pradesh,Nellore,Kovvur,Kovvuru,14.502731,79.985252
Andhra Pradesh,Nellore,Manubolu,Manubolu,14.191909,79.871827
Andhra Pradesh,Nellore,Manubolu,Vadlapudi,14.303067,79.779209
Andhra Pradesh,Nellore,Marripadu,Bata,14.718627,79.22008
Andhra Pradesh,Nellore,Muthukur,Brahmadevam,14.349035,80.064271
Andhra Pradesh,Nellore,Muthukur,Muthukur,14.2747222,80.1
Andhra Pradesh,Nellore,Muthukur,Muthukur,14.295717,80.090029
Andhra Pradesh,Nellore,Muthukur,Muthukuru,14.290059,80.094724
Andhra Pradesh,Nellore,Naidupeta,"Brahmanapuduru
Agraharam",13.899047,79.926764
Andhra Pradesh,Nellore,Nellore,Nellore-Dw,14.436602,79.964175
Andhra Pradesh,Nellore,Nellore,Tikkavaram,14.121136,79.958471
Andhra Pradesh,Nellore,Podalakur,Podalakur,14.380954,79.730994
Andhra Pradesh,Nellore,Podalakur,Shanti Nagar,14.429917,79.761562
Andhra Pradesh,Nellore,Rapur,Penubarti,14.342833,79.471696
Andhra Pradesh,Nellore,Rapur,Rapur,14.201462,79.535131
Andhra Pradesh,Nellore,Sangam,Sangam,14.587511,79.743197
Andhra Pradesh,Nellore,Sullurpeta,Atkanitipa,13.72248,80.124058
Andhra Pradesh,Nellore,Vakadu,Durgarajapatnam,13.978613,80.156435
Andhra Pradesh,Nellore,Venkatachalam,Kanupur,14.328859,79.902709
Andhra Pradesh,Nellore,Venkatachalam,Sarvepalli,14.291162,79.965629
Andhra Pradesh,Nellore,Venkatachalam,Venkatachalam-R,14.328886,79.927483
Andhra Pradesh,Nellore,Venkatagiri,Gopalpuram,14.021567,79.626052
Andhra Pradesh,Nellore,Venkatagiri,Venkatagiri,13.949886,79.586212
Andhra Pradesh,Nellore,Vidavalur,Ramathirdam,14.63985,80.142942
Andhra Pradesh,Prakasam,Addanki,Addanki,15.827163,79.972166
Andhra Pradesh,Prakasam,Ardhaveedu,Maguturu,15.6913,79.0833
Andhra Pradesh,Prakasam,Ballikurava,Vaidana Kapparapadu- Dw,15.960498,79.962543
Andhra Pradesh,Prakasam,Bestavaripeta,Bestavaripeta,15.5537,79.1088
Andhra Pradesh,Prakasam,Bestavaripeta,Pachala Venkatapuram,15.3997,79.1276
Andhra Pradesh,Prakasam,Bestavaripeta,Singarapalle,15.3553,79.1258
Andhra Pradesh,Prakasam,Bestavaripeta,Somavaripeta,15.5579,79.107
Andhra Pradesh,Prakasam,Chandrasekharapura m,Chandrashekharapura m-Dw,15.1831,79.2747
Andhra Pradesh,Prakasam,"Chandrasekharapura
m",P Gogulapalle,15.26,79.3247
Andhra Pradesh,Prakasam,Chimakurti,Cheemakurthi,15.5778,79.8706
Andhra Pradesh,Prakasam,Chimakurti,Chimakurti,15.5885,79.8422
Andhra Pradesh,Prakasam,Chinna Ganjam,Kadavakuduru,15.726407,80.254279
Andhra Pradesh,Prakasam,Chirala,Chirala,15.829825,80.35458
Andhra Pradesh,Prakasam,Chirala,Vadarevu,15.797459,80.411024
Andhra Pradesh,Prakasam,Darsi,Darsi,15.7625,79.6767
Andhra Pradesh,Prakasam,Darsi,Darsi-New,15.7714,79.6817
Andhra Pradesh,Prakasam,Darsi,Voolagallu,15.8053,79.7664
Andhra Pradesh,Prakasam,Donakonda,Donakonda,15.831,79.4872
Andhra Pradesh,Prakasam,Donakonda,P Venkatapuram,15.7625,79.4762
Andhra Pradesh,Prakasam,Donakonda,Rudra Samudram,15.8375,79.3969
Andhra Pradesh,Prakasam,Dornala,Hasnabad Dornala,15.8934,79.1243
Andhra Pradesh,Prakasam,Dornala,Y.Cherlopalle,15.9142,78.9755
Andhra Pradesh,Prakasam,Giddalur,Mundlapadu,15.3422,78.9035
Andhra Pradesh,Prakasam,Giddalur,Porumamilapalli,15.5622,79.0881
Andhra Pradesh,Prakasam,Hanumanthunipadu,Nandanavanam,15.4669,79.2733
Andhra Pradesh,Prakasam,Hanumanthunipadu,Thimmaredipalli,15.4839,79.3696
Andhra Pradesh,Prakasam,Inkollu,Duddukuru,15.742531,80.173032
Andhra Pradesh,Prakasam,Inkollu,Inkollu,15.82632,80.191064
Andhra Pradesh,Prakasam,"Janakavaram-
Pangullu",Muppavaram,15.843068,80.051768
Andhra Pradesh,Prakasam,"Janakavaram-
Pangullu",Muppavaram,15.8338,80.0463
Andhra Pradesh,Prakasam,Kandukur,Kandukur,15.218531,79.911496
Andhra Pradesh,Prakasam,Kanigiri,Alavalapadu,15.3314,79.6237
Andhra Pradesh,Prakasam,Kanigiri,Alavalapadu,15.3272,79.6267
Andhra Pradesh,Prakasam,Kanigiri,Kanigiri,15.402966,78.57145
Andhra Pradesh,Prakasam,Kanigiri,Nandana Marella,15.4833,79.5175
Andhra Pradesh,Prakasam,Karamchedu,Duddapadu,15.871731,80.3333
Andhra Pradesh,Prakasam,Karamchedu,Karamchedu,15.878197,80.209899
Andhra Pradesh,Prakasam,Komarole,Rajupalem,15.3302778,78.975
Andhra Pradesh,Prakasam,Kondepi,Kondepi,15.4133,79.8681
Andhra Pradesh,Prakasam,Korisapadu,Medarametla,15.7280592,80.0175463
Andhra Pradesh,Prakasam,Kurichedu,Gollapalli,15.9267,79.3964
Andhra Pradesh,Prakasam,Kurichedu,Kurichedu,15.8975,79.58
Andhra Pradesh,Prakasam,Kurichedu,Vengaiahpalem,15.9236,79.5942
Andhra Pradesh,Prakasam,Lingasamudram,Pentrala,15.0722,79.7147
Andhra Pradesh,Prakasam,Maddipadu,Maddipadu,15.6121,80.0259
Andhra Pradesh,Prakasam,Markapur,Gajjalakonda,15.753057,79.38529
Andhra Pradesh,Prakasam,Markapur,Idupur,15.7698,79.2849
Andhra Pradesh,Prakasam,Markapur,Komatikunta,15.7525,79.2285
Andhra Pradesh,Prakasam,Marripudi,Agraharam,15.5933,79.7267
Andhra Pradesh,Prakasam,Marripudi,Juvvigunta,15.4339,79.7289
Andhra Pradesh,Prakasam,Mundalamur,Marella,15.8713,79.9039
Andhra Pradesh,Prakasam,Mundalamur,"Uma
Maheswarapuram",15.8385,79.8265
Andhra Pradesh,Prakasam,Naguluppalapadu,Chedalavada,15.61,80.0931
Andhra Pradesh,Prakasam,Naguluppalapadu,Uppugundur,15.6753,80.1639
Andhra Pradesh,Prakasam,Ongole,Ongole-New,15.5065,80.0583
Andhra Pradesh,Prakasam,Ongole,Santanutalapadu,15.5461,79.9394
Andhra Pradesh,Prakasam,Pamuru,Ayyavarepalli,15.1126,79.5663
Andhra Pradesh,Prakasam,Pamuru,Dubagunta,14.915995,79.724755
Andhra Pradesh,Prakasam,Pamuru,Malakonda,15.117493,79.640355
Andhra Pradesh,Prakasam,Pamuru,Veggampalli,15.1739,79.4433
Andhra Pradesh,Prakasam,Paruchur,Neethalapadu,15.934904,80.2339
Andhra Pradesh,Prakasam,Peda Araveedu,Sanikavaram,15.9014,79.1715
Andhra Pradesh,Prakasam,Peda Araveedu,Thokapalle,15.8807,79.2951
Andhra Pradesh,Prakasam,Peddacherlopalli,Peddacherlopalli,15.2703,79.5744
Andhra Pradesh,Prakasam,Podili,Katurivaripalem,15.598,79.6398
Andhra Pradesh,Prakasam,Podili,Oneguruvaripalem-Dw,15.6825,79.6461
Andhra Pradesh,Prakasam,Podili,Tallamalla,15.593379,79.722963
Andhra Pradesh,Prakasam,Ponnaluru,Malepadu,15.2397,79.7106
Andhra Pradesh,Prakasam,Ponnaluru,Muttarasupalem,15.2486,79.8408
Andhra Pradesh,Prakasam,Ponnaluru,Venkupalem,15.3022,79.7469
Andhra Pradesh,Prakasam,Ponnaluru,Venkupalem-Dw,15.3022,79.7469
Andhra Pradesh,Prakasam,Racherla,Turumella,15.5228,78.9861
Andhra Pradesh,Prakasam,Santamaguluru,Santamaguluru,16.11891,79.9584
Andhra Pradesh,Prakasam,Santhanuthalapadu,Chilikapadu,15.4783,79.9067
Andhra Pradesh,Prakasam,Tarlupadu,Thummalacheruvu,15.6589,79.2919
Andhra Pradesh,Prakasam,Tripurantakam,Dhupadu,15.9164,79.3669
Andhra Pradesh,Prakasam,Tripurantakam,Guttalaumadivrm,16.0164,79.5581
Andhra Pradesh,Prakasam,Tripurantakam,Rajupalem,15.3303,78.975
Andhra Pradesh,Prakasam,Ulavapadu,Chagallu,15.116909,80.006468
Andhra Pradesh,Prakasam,Ulavapadu,Ulavapadu,15.1631,80.0091
Andhra Pradesh,Prakasam,Veligandla,Kattakindalapalli,15.4186,79.2478
Andhra Pradesh,Prakasam,Veligandla,P Rallapalle,15.3447,79.2447
Andhra Pradesh,Prakasam,Vetapalem,Pulleripalem,15.7400193,80.3246134
Andhra Pradesh,Prakasam,Vetapalem,Vetapalem,15.774246,80.304747
Andhra Pradesh,Prakasam,Voletivaripalem,Malakonda,15.1152,79.6387
Andhra Pradesh,Prakasam,Voletivaripalem,Pokur-Dw,15.178407,79.817903
Andhra Pradesh,Prakasam,Voletivaripalem,Voletivaripalem,15.164894,79.72361
Andhra Pradesh,Prakasam,Yerragondapalem,Boyalapalle,15.9667,79.3214
Andhra Pradesh,Prakasam,Yerragondapalem,Veerbhadrapuram,16.0575,79.2506
Andhra Pradesh,Srikakulam,Amudalavalasa,Amudalavalasa,18.416645,83.904074
Andhra Pradesh,Srikakulam,Gara,Chalavaripeta,18.509318,84.063205
Andhra Pradesh,Srikakulam,Gara,Gara,18.329796,84.051935
Andhra Pradesh,Srikakulam,Gara,Kalingapatnam,18.3428,84.1225
Andhra Pradesh,Srikakulam,Gara,Pydi Bhimavaram,18.1485,83.6262
Andhra Pradesh,Srikakulam,Gara,Sallapeta,18.295742,83.977417
Andhra Pradesh,Srikakulam,Gara,Srikurmam,18.272399,84.002811
Andhra Pradesh,Srikakulam,Heeramandalam,Gotta,18.693707,83.970653
Andhra Pradesh,Srikakulam,Heeramandalam,Heeramandalam,18.675209,83.94893
Andhra Pradesh,Srikakulam,Heeramandalam,Kollata,18.710251,84.004523
Andhra Pradesh,Srikakulam,Heeramandalam,Pedda Sankhili,18.7042,83.9278
Andhra Pradesh,Srikakulam,Ichapuram,Ichapuram,19.118381,84.68646
Andhra Pradesh,Srikakulam,Kanchili,Kanchili,18.983658,84.584677
Andhra Pradesh,Srikakulam,Kothabommali,Jarjangi,18.498953,84.132728
Andhra Pradesh,Srikakulam,Kothabommali,Tharli Bodapadu,18.558681,84.184184
Andhra Pradesh,Srikakulam,Kothuru,Kotturu,18.75,83.9
Andhra Pradesh,Srikakulam,Kunduru,Ponduru,18.35559,83.755279
Andhra Pradesh,Srikakulam,Laveru,Bejjipuram,18.233091,83.748019
Andhra Pradesh,Srikakulam,Mandasa,Haripuram,18.845492,84.505514
Andhra Pradesh,Srikakulam,Meliaputti,Jadupalli,18.758404,84.233157
Andhra Pradesh,Srikakulam,Meliaputti,Meliaputti,18.77424,84.173579
Andhra Pradesh,Srikakulam,Meliaputti,Pedda Padmapuram,18.759528,84.162021
Andhra Pradesh,Srikakulam,Meliaputti,Sundarada,18.739432,84.134962
Andhra Pradesh,Srikakulam,Nandigaon,Nandigaon,18.656344,84.298623
Andhra Pradesh,Srikakulam,Nandigaon,Pata Tekkali,18.630445,84.360113
Andhra Pradesh,Srikakulam,Palakonda,Palakonda,18.598121,83.765525
Andhra Pradesh,Srikakulam,Palakonda,Thumarada,18.608461,83.714339
Andhra Pradesh,Srikakulam,Palasa,Palasa,18.757042,84.417474
Andhra Pradesh,Srikakulam,Palasa,Veerbhadrapuram,18.730299,84.364058
Andhra Pradesh,Srikakulam,Patapatnam,Patapatnam,18.751422,84.094085
Andhra Pradesh,Srikakulam,Polaki,Kalingapatnam,18.3428,84.1225
Andhra Pradesh,Srikakulam,Rajam,Rajam,18.445991,83.653369
Andhra Pradesh,Srikakulam,Santabommali,Naupada,18.565053,84.299797
Andhra Pradesh,Srikakulam,Saravakota,Aldu,18.578096,84.053644
Andhra Pradesh,Srikakulam,Seetampeta,Haddubangi,18.732,83.8257
Andhra Pradesh,Srikakulam,Seetampeta,Sitampeta,18.69251,83.817155
Andhra Pradesh,Srikakulam,Sompeta,Baruva,18.881364,84.591524
Andhra Pradesh,Srikakulam,Sompeta,Korlam,18.905896,84.554213
Andhra Pradesh,Srikakulam,Sompeta,Mamidipalli,18.862675,84.547773
Andhra Pradesh,Srikakulam,Sompeta,Sompeta,18.939097,84.585721
Andhra Pradesh,Srikakulam,Srikakulam,Arasavalli,18.289035,83.915935
Andhra Pradesh,Srikakulam,Srikakulam,Patasrikakulam,18.272688,83.905147
Andhra Pradesh,Srikakulam,Srikakulam,Peddapadu,18.315177,83.927259
Andhra Pradesh,Srikakulam,Srikakulam,Ragolu,18.34453,83.893456
Andhra Pradesh,Srikakulam,Tekkali,Tekkali,18.602182,84.237961
Andhra Pradesh,Srikakulam,Vajrapukothuru,Bendigetu,18.718067,84.388303
Andhra Pradesh,Srikakulam,Vajrapukothuru,Tekkalipatnam,18.739414,84.3319
Andhra Pradesh,Srikakulam,Veeraghattam,Veeraghattam,18.686535,83.615328
Andhra Pradesh,Srikakulam,Veeraghattam,Veeraghattam,18.68731,83.612342
Andhra Pradesh,Visakhapatnam,Anakapalle,Anakapalli,17.680949,82.9817
Andhra Pradesh,Visakhapatnam,Anakapalle,Tallapalem,17.633725,82.892147
Andhra Pradesh,Visakhapatnam,Anantagiri,Anantagiri,18.2388,83.0011
Andhra Pradesh,Visakhapatnam,Anantagiri,Bangarammapeta,18.216,83.1019
Andhra Pradesh,Visakhapatnam,Anantagiri,Kottur,18.2074,83.0743
Andhra Pradesh,Visakhapatnam,Anantagiri,Sunkarametta,18.2781,82.9684
Andhra Pradesh,Visakhapatnam,Bheemunipatnam,Bhimunipatnam-1,17.893016,83.453405
Andhra Pradesh,Visakhapatnam,Bheemunipatnam,Bhimunipatnam-2,17.887634,83.452065
Andhra Pradesh,Visakhapatnam,Buchchayyapeta,L Singavaram,17.819361,82.837753
Andhra Pradesh,Visakhapatnam,Chintapalle,Lambasingi,17.8071,82.4959
Andhra Pradesh,Visakhapatnam,Chintapalle,Lotugadda Jn.,17.8554,82.4361
Andhra Pradesh,Visakhapatnam,Chodavaram,Bangarumitta,17.838712,82.867819
Andhra Pradesh,Visakhapatnam,Dumbriguda,Aruku,18.3207,82.8814
Andhra Pradesh,Visakhapatnam,Dumbriguda,Dimriguda,18.2885,82.7921
Andhra Pradesh,Visakhapatnam,Golugonda,Mallampet,17.674045,82.448681
Andhra Pradesh,Visakhapatnam,Golugonda,Nagannadorapalem,17.677338,82.494398
Andhra Pradesh,Visakhapatnam,Golugonda,Narsipatnam,17.676063,82.595643
Andhra Pradesh,Visakhapatnam,Gudem Kothaveedi,Gudem,17.863,82.1957
Andhra Pradesh,Visakhapatnam,Hukumpet,Kontela,18.1386,82.6878
Andhra Pradesh,Visakhapatnam,Hukumpet,Rangasheela,18.2106,82.7788
Andhra Pradesh,Visakhapatnam,Kasimkota,Haripalem,17.609167,82.977843
Andhra Pradesh,Visakhapatnam,Kotauratla,Kotauratla,17.564869,82.686647
Andhra Pradesh,Visakhapatnam,Kotauratla,Purshotta Puram,17.502868,82.794094
Andhra Pradesh,Visakhapatnam,Kotauratla,Yendapalli,17.611237,82.649909
Andhra Pradesh,Visakhapatnam,Koyyuru,Koyyuru,17.6599,82.2194
Andhra Pradesh,Visakhapatnam,Koyyuru,Pata K.D.Peta,17.6723,82.3619
Andhra Pradesh,Visakhapatnam,Nakkalli,Gurrajupeta,17.400543,82.767981
Andhra Pradesh,Visakhapatnam,Paderu,Garikabanda,17.9453,82.7566
Andhra Pradesh,Visakhapatnam,Paderu,Minimuluru,18.0369,82.6999
Andhra Pradesh,Visakhapatnam,Paderu,Paderu,18.0795,82.6735
Andhra Pradesh,Visakhapatnam,Paderu,Pontlamamidi,17.9746,82.7334
Andhra Pradesh,Visakhapatnam,Peddabayalu,Gamparai,18.1825,82.6374
Andhra Pradesh,Visakhapatnam,Pendurti,Bandavaripalem,17.832418,83.229143
Andhra Pradesh,Visakhapatnam,Pendurti,Gurrampalem,17.841679,83.215241
Andhra Pradesh,Visakhapatnam,Pendurti,Pendurti,17.823467,83.208435
Andhra Pradesh,Visakhapatnam,Rambilli,Pudimadaka,17.4928,83.002363
Andhra Pradesh,Visakhapatnam,Ravikamatam,Kottakota,17.756201,82.7051
Andhra Pradesh,Visakhapatnam,Ravikamatam,Medivoda,17.784505,82.779134
Andhra Pradesh,Visakhapatnam,Rolugunta,Rolugunta,17.7129,82.6668
Andhra Pradesh,Visakhapatnam,S.Rayavaram,Addaroddu,17.432028,82.747588
Andhra Pradesh,Visakhapatnam,S.Rayavaram,Rayavaram,17.454764,82.802494
Andhra Pradesh,Visakhapatnam,S.Rayavaram,Revupolavaram,17.397155,82.81776
Andhra Pradesh,Visakhapatnam,Visakhapatnam(U),Kancherapalem,17.739024,83.266858
Andhra Pradesh,Visakhapatnam,Visakhapatnam(U),Kotaveedhi,17.6901,83.2919
Andhra Pradesh,Visakhapatnam,Visakhapatnam(U),Lawsons Bay,17.73279,83.341715
Andhra Pradesh,Visakhapatnam,Visakhapatnam(U),Peddagadili-Arilova Junct.,17.7577,83.3258
Andhra Pradesh,Visakhapatnam,Visakhapatnam(U),Pithapuram,17.716983,83.326887
Andhra Pradesh,Visakhapatnam,Visakhapatnam(U),Potinamallayapalem,17.802921,83.354195
Andhra Pradesh,Visakhapatnam,Visakhapatnam(U),Rishikonda,17.780096,83.385126
Andhra Pradesh,Visakhapatnam,Visakhapatnam(U),Vepagunta,17.775917,83.216775
Andhra Pradesh,Visakhapatnam,Visakhapatnam(U),Visakhapatnam(U),17.710432,83.205633
Andhra Pradesh,Visakhapatnam,Visakhapatnam(U),Visakhapatnam(U),17.894765,83.37243
Andhra Pradesh,Visakhapatnam,Visakhapatnam(U),Visakhapatnam(U),17.759064,83.218604
Andhra Pradesh,Visakhapatnam,Visakhapatnam(U),Visalakshinagar,17.754902,83.346895
Andhra Pradesh,Visakhapatnam,Yelamanchili,Yelamanchili,17.546346,82.855656
Andhra Pradesh,Vizianagaram,Badangi,Gajarayunivalasa,18.4873,83.3283
Andhra Pradesh,Vizianagaram,Badangi,Maradam,18.403888,83.336821
Andhra Pradesh,Vizianagaram,Balijipeta,Balajipet,18.611327,83.528598
Andhra Pradesh,Vizianagaram,Balijipeta,Chilakalapalli,18.592974,83.53333
Andhra Pradesh,Vizianagaram,Balijipeta,Mirthivalasa,18.62,83.48
Andhra Pradesh,Vizianagaram,Bhogapuram,Maharajupeta,17.9507,83.4181
Andhra Pradesh,Vizianagaram,Bhogapuram,Rajapulova,17.956383,83.419181
Andhra Pradesh,Vizianagaram,Bobbili,Bobbili,18.571164,83.348724
Andhra Pradesh,Vizianagaram,Bobbili,Vokadavalasa,18.609076,83.423646
Andhra Pradesh,Vizianagaram,Bondapalle,Bondapalli,18.2412,83.3463
Andhra Pradesh,Vizianagaram,Bondapalle,Bondapalli,18.242856,83.345242
Andhra Pradesh,Vizianagaram,Bondapalle,Gotlam,18.1636,83.3779
Andhra Pradesh,Vizianagaram,Dattirajera,Dattirajeru,18.371839,83.400438
Andhra Pradesh,Vizianagaram,Denkada,Denkada,18.0753,83.4789
Andhra Pradesh,Vizianagaram,Gantyada,Kondatamarapali,18.162245,83.256196
Andhra Pradesh,Vizianagaram,Gantyada,Narava,18.1373,83.3293
Andhra Pradesh,Vizianagaram,Gantyada,Tatipudi,18.1695,83.1926
Andhra Pradesh,Vizianagaram,Garividi,Garividi,18.280215,83.528258
Andhra Pradesh,Vizianagaram,Garividi,Kapusambam,18.344905,83.588946
Andhra Pradesh,Vizianagaram,Gurla,Kondagandredu,18.2845,83.4531
Andhra Pradesh,Vizianagaram,Gurla,Pedda Bantupalli,18.320006,83.494243
Andhra Pradesh,Vizianagaram,Jami,Alamanda,17.994676,83.24301
Andhra Pradesh,Vizianagaram,Jami,Chinnaravupallidw,17.96707,83.221776
Andhra Pradesh,Vizianagaram,Jami,Kumaran,18.046248,83.318846
Andhra Pradesh,Vizianagaram,Komarada,Gangaraivalasa,18.857785,83.457954
Andhra Pradesh,Vizianagaram,Komarada,Komarada,18.898383,83.462461
Andhra Pradesh,Vizianagaram,Komarada,Vikrampuram,18.812108,83.445113
Andhra Pradesh,Vizianagaram,Kothavalasa,Kothavalasa,17.8967,83.1856
Andhra Pradesh,Vizianagaram,Kurupam,Gumma,18.958735,83.643853
Andhra Pradesh,Vizianagaram,Kurupam,Kurupana,18.866016,83.553036
Andhra Pradesh,Vizianagaram,Lakkavarapukota,Lakkavarapukota,17.967302,83.175471
Andhra Pradesh,Vizianagaram,Lakkavarapukota,Mallavedu,18.025402,83.152063
Andhra Pradesh,Vizianagaram,Makkuva,Payakapadu,18.646454,83.273074
Andhra Pradesh,Vizianagaram,Merakamudidam,Garbham,18.369,83.4535
Andhra Pradesh,Vizianagaram,Parvatipuram,Parvatipuram,18.772475,83.423747
Andhra Pradesh,Vizianagaram,Puspatirega,Kanimetta,18.126246,83.588577
Andhra Pradesh,Vizianagaram,Puspatirega,Natavalasa,18.062745,83.525397
Andhra Pradesh,Vizianagaram,Ramabhadrapuram,Tarapuramdw,18.502327,83.253779
Andhra Pradesh,Vizianagaram,Saluru,Saluru,18.524491,83.207649
Andhra Pradesh,Vizianagaram,Saluru,Sanyasirajpeta,18.5783,83.2397
Andhra Pradesh,Vizianagaram,Seetanagaram,Appayyapet,18.677154,83.372468
Andhra Pradesh,Vizianagaram,Srungavarapukota,Gouripuram,18.155,83.1318
Andhra Pradesh,Vizianagaram,Srungavarapukota,S.Kota,18.115942,83.137802
Andhra Pradesh,Vizianagaram,Therlam,Agraharam,18.462134,83.498205
Andhra Pradesh,Vizianagaram,Therlam,Kollivalasa,18.522121,83.526977
Andhra Pradesh,Vizianagaram,Therlam,Locherladw,18.48406,83.534317
Andhra Pradesh,Vizianagaram,Vizianagaram,Vijayanagaram,18.103877,83.393951
Andhra Pradesh,West Godavari,Akiveedu,Akiveedu,16.583,81.3889
Andhra Pradesh,West Godavari,Attili,Attili,16.686,81.6052
Andhra Pradesh,West Godavari,Attili,Attili,16.6984,81.6176
Andhra Pradesh,West Godavari,Bhimavaram,Narsimhapuram,16.5582,81.5017
Andhra Pradesh,West Godavari,Buttayagudem,Buttayagudem,17.198837,81.318827
Andhra Pradesh,West Godavari,Buttayagudem,Gunjavaram,17.2036,81.4172
Andhra Pradesh,West Godavari,Buttayagudem,Polavaram,17.25025,81.6457
Andhra Pradesh,West Godavari,Chintalapudi,Erraguntlapalli,17.14538,81.0098
Andhra Pradesh,West Godavari,Dwarakatirumala,Lakshmipuram,16.822449,81.057024
Andhra Pradesh,West Godavari,Eluru,Eluru,16.710913,81.1102
Andhra Pradesh,West Godavari,Eluru,Eluru,16.704245,81.085132
Andhra Pradesh,West Godavari,Eluru,Ipangadi,17.0183,81.6484
Andhra Pradesh,West Godavari,Ganapavaram,Sarepalle,16.6886,81.4654
Andhra Pradesh,West Godavari,Gopalapuram,Chityala,17.0895,81.5966
Andhra Pradesh,West Godavari,Gopalapuram,Gopalpuram,17.2097,81.544
Andhra Pradesh,West Godavari,Gopalapuram,Gopalpuram,17.1011,81.5482
Andhra Pradesh,West Godavari,Iragavaram,Gowrabalu,16.6983,81.6309
Andhra Pradesh,West Godavari,Iragavaram,Iragavaram,16.6906,81.7062
Andhra Pradesh,West Godavari,Iragavaram,Iragavaram,16.6906,81.7062
Andhra Pradesh,West Godavari,Iragavaram,Iragavaram,16.6906,81.7062
Andhra Pradesh,West Godavari,Iragavaram,Iragavaram,16.6908,81.7069
Andhra Pradesh,West Godavari,Jangareddigudem,Koyyalagudem,17.123807,81.427034
Andhra Pradesh,West Godavari,Jangareddigudem,Pottalakatttugudem,16.936,81.253
Andhra Pradesh,West Godavari,Kamavarapukota,Kamavarapukota,17.008048,81.191217
Andhra Pradesh,West Godavari,Kovvuru,Kovvuru,17.0036,81.7416
Andhra Pradesh,West Godavari,Koyyalagudem,Kanapuram,17.1878,81.417559
Andhra Pradesh,West Godavari,Lingapalem,Dharmajigudem,16.893317,80.93496
Andhra Pradesh,West Godavari,Mogalturu,Kummarapurugu,16.3677,81.6038
Andhra Pradesh,West Godavari,Mogalturu,Mogalturu,16.4135,81.6142
Andhra Pradesh,West Godavari,Mogalturu,Perupalem,16.378,81.5837
Andhra Pradesh,West Godavari,Narsapur,Narsapuram,16.4323,81.6933
Andhra Pradesh,West Godavari,Narsapur,Narsapuram,16.4572,81.707
Andhra Pradesh,West Godavari,Narsapur,Narsapuram,16.4572,81.707
Andhra Pradesh,West Godavari,Nidadavole,Goparam,16.916,81.6972
Andhra Pradesh,West Godavari,Nidadavole,Munipalli,16.8685,81.7101
Andhra Pradesh,West Godavari,Nidadavole,Munipalli,16.8549,81.7143
Andhra Pradesh,West Godavari,Nidadavole,Nidadavolu,16.8947,81.6746
Andhra Pradesh,West Godavari,Palakoderu,Garagaparru,16.6072,81.5299
Andhra Pradesh,West Godavari,Palakoderu,Vissakoduru,16.5505,81.5713
Andhra Pradesh,West Godavari,Palakol,Palakol,16.5095,81.7194
Andhra Pradesh,West Godavari,Pentapadu,Pentapadu,16.7858,81.5265
Andhra Pradesh,West Godavari,Penumandra,Penumandra,16.6457,81.6488
Andhra Pradesh,West Godavari,Penumandra,Polamuru,16.6162,81.6409
Andhra Pradesh,West Godavari,Tallapudi,Tadipudi,17.1633,81.659
Andhra Pradesh,West Godavari,Tallapudi,Tallapudi,17.124,81.6687
Andhra Pradesh,West Godavari,Tallapudi,Vegeswarapuram,17.1108,81.6735
Andhra Pradesh,West Godavari,Undi,Cherukuwada,16.586,81.4166
Andhra Pradesh,West Godavari,Undi,Pamulaparu,16.6322,81.4673
Andhra Pradesh,West Godavari,Undi,Undi,16.5862,81.4613
Andhra Pradesh,West Godavari,Unguturu,Rachuru,16.77615,81.425629
Andhra Pradesh,West Godavari,Veeravasaram,Komuchikkala,16.592,81.7006
Andhra Pradesh,West Godavari,Veeravasaram,Veeravasaram,16.5417,81.606
